Source IP,Source Port,Destination IP,Destination Port,Protocol,TTL,Length,Packet Type,TCP Flags
127.0.0.1,43777,127.0.0.1,143,TCP,50,44,TCP,SYN
127.0.0.1,43777,127.0.0.1,143,TCP,50,44,TCP,SYN
127.0.0.1,143,127.0.0.1,43777,TCP,64,40,TCP,"RST,ACK"
127.0.0.1,143,127.0.0.1,43777,TCP,64,40,TCP,"RST,ACK"
127.0.0.1,43777,127.0.0.1,1720,TCP,57,44,TCP,SYN
127.0.0.1,43777,127.0.0.1,1720,TCP,57,44,TCP,SYN
127.0.0.1,1720,127.0.0.1,43777,TCP,64,40,TCP,"RST,ACK"
127.0.0.1,1720,127.0.0.1,43777,TCP,64,40,TCP,"RST,ACK"
127.0.0.1,43777,127.0.0.1,587,TCP,50,44,TCP,SYN
127.0.0.1,43777,127.0.0.1,587,TCP,50,44,TCP,SYN
127.0.0.1,587,127.0.0.1,43777,TCP,64,40,TCP,"RST,ACK"
127.0.0.1,587,127.0.0.1,43777,TCP,64,40,TCP,"RST,ACK"
127.0.0.1,43777,127.0.0.1,554,TCP,45,44,TCP,SYN
127.0.0.1,43777,127.0.0.1,554,TCP,45,44,TCP,SYN
127.0.0.1,554,127.0.0.1,43777,TCP,64,40,TCP,"RST,ACK"
127.0.0.1,554,127.0.0.1,43777,TCP,64,40,TCP,"RST,ACK"
127.0.0.1,43777,127.0.0.1,21,TCP,46,44,TCP,SYN
127.0.0.1,43777,127.0.0.1,21,TCP,46,44,TCP,SYN
127.0.0.1,21,127.0.0.1,43777,TCP,64,40,TCP,"RST,ACK"
127.0.0.1,21,127.0.0.1,43777,TCP,64,40,TCP,"RST,ACK"
127.0.0.1,43777,127.0.0.1,993,TCP,48,44,TCP,SYN
127.0.0.1,43777,127.0.0.1,993,TCP,48,44,TCP,SYN
127.0.0.1,993,127.0.0.1,43777,TCP,64,40,TCP,"RST,ACK"
127.0.0.1,993,127.0.0.1,43777,TCP,64,40,TCP,"RST,ACK"
127.0.0.1,43777,127.0.0.1,3306,TCP,52,44,TCP,SYN
127.0.0.1,43777,127.0.0.1,3306,TCP,52,44,TCP,SYN
127.0.0.1,3306,127.0.0.1,43777,TCP,64,40,TCP,"RST,ACK"
127.0.0.1,3306,127.0.0.1,43777,TCP,64,40,TCP,"RST,ACK"
127.0.0.1,43777,127.0.0.1,23,TCP,48,44,TCP,SYN
127.0.0.1,43777,127.0.0.1,23,TCP,48,44,TCP,SYN
127.0.0.1,23,127.0.0.1,43777,TCP,64,40,TCP,"RST,ACK"
127.0.0.1,23,127.0.0.1,43777,TCP,64,40,TCP,"RST,ACK"
127.0.0.1,43777,127.0.0.1,5900,TCP,52,44,TCP,SYN
127.0.0.1,43777,127.0.0.1,5900,TCP,52,44,TCP,SYN
127.0.0.1,5900,127.0.0.1,43777,TCP,64,40,TCP,"RST,ACK"
127.0.0.1,5900,127.0.0.1,43777,TCP,64,40,TCP,"RST,ACK"
127.0.0.1,43777,127.0.0.1,1723,TCP,37,44,TCP,SYN
127.0.0.1,43777,127.0.0.1,1723,TCP,37,44,TCP,SYN
127.0.0.1,1723,127.0.0.1,43777,TCP,64,40,TCP,"RST,ACK"
127.0.0.1,1723,127.0.0.1,43777,TCP,64,40,TCP,"RST,ACK"
127.0.0.1,43777,127.0.0.1,995,TCP,53,44,TCP,SYN
127.0.0.1,43777,127.0.0.1,995,TCP,53,44,TCP,SYN
127.0.0.1,995,127.0.0.1,43777,TCP,64,40,TCP,"RST,ACK"
127.0.0.1,995,127.0.0.1,43777,TCP,64,40,TCP,"RST,ACK"
127.0.0.1,43777,127.0.0.1,53,TCP,44,44,TCP,SYN
127.0.0.1,43777,127.0.0.1,53,TCP,44,44,TCP,SYN
127.0.0.1,53,127.0.0.1,43777,TCP,64,40,TCP,"RST,ACK"
127.0.0.1,53,127.0.0.1,43777,TCP,64,40,TCP,"RST,ACK"
127.0.0.1,43777,127.0.0.1,3389,TCP,39,44,TCP,SYN
127.0.0.1,43777,127.0.0.1,3389,TCP,39,44,TCP,SYN
127.0.0.1,3389,127.0.0.1,43777,TCP,64,40,TCP,"RST,ACK"
127.0.0.1,3389,127.0.0.1,43777,TCP,64,40,TCP,"RST,ACK"
127.0.0.1,43777,127.0.0.1,135,TCP,53,44,TCP,SYN
127.0.0.1,43777,127.0.0.1,135,TCP,53,44,TCP,SYN
127.0.0.1,135,127.0.0.1,43777,TCP,64,40,TCP,"RST,ACK"
127.0.0.1,135,127.0.0.1,43777,TCP,64,40,TCP,"RST,ACK"
127.0.0.1,43777,127.0.0.1,113,TCP,51,44,TCP,SYN
127.0.0.1,43777,127.0.0.1,113,TCP,51,44,TCP,SYN
127.0.0.1,113,127.0.0.1,43777,TCP,64,40,TCP,"RST,ACK"
127.0.0.1,113,127.0.0.1,43777,TCP,64,40,TCP,"RST,ACK"
127.0.0.1,43777,127.0.0.1,1025,TCP,55,44,TCP,SYN
127.0.0.1,43777,127.0.0.1,1025,TCP,55,44,TCP,SYN
127.0.0.1,1025,127.0.0.1,43777,TCP,64,40,TCP,"RST,ACK"
127.0.0.1,1025,127.0.0.1,43777,TCP,64,40,TCP,"RST,ACK"
127.0.0.1,43777,127.0.0.1,110,TCP,49,44,TCP,SYN
127.0.0.1,43777,127.0.0.1,110,TCP,49,44,TCP,SYN
127.0.0.1,110,127.0.0.1,43777,TCP,64,40,TCP,"RST,ACK"
127.0.0.1,110,127.0.0.1,43777,TCP,64,40,TCP,"RST,ACK"
127.0.0.1,43777,127.0.0.1,111,TCP,38,44,TCP,SYN
127.0.0.1,43777,127.0.0.1,111,TCP,38,44,TCP,SYN
127.0.0.1,111,127.0.0.1,43777,TCP,64,40,TCP,"RST,ACK"
127.0.0.1,111,127.0.0.1,43777,TCP,64,40,TCP,"RST,ACK"
127.0.0.1,43777,127.0.0.1,199,TCP,45,44,TCP,SYN
127.0.0.1,43777,127.0.0.1,199,TCP,45,44,TCP,SYN
127.0.0.1,199,127.0.0.1,43777,TCP,64,40,TCP,"RST,ACK"
127.0.0.1,199,127.0.0.1,43777,TCP,64,40,TCP,"RST,ACK"
127.0.0.1,43777,127.0.0.1,8888,TCP,46,44,TCP,SYN
127.0.0.1,43777,127.0.0.1,8888,TCP,46,44,TCP,SYN
127.0.0.1,8888,127.0.0.1,43777,TCP,64,40,TCP,"RST,ACK"
127.0.0.1,8888,127.0.0.1,43777,TCP,64,40,TCP,"RST,ACK"
127.0.0.1,43777,127.0.0.1,8080,TCP,59,44,TCP,SYN
127.0.0.1,43777,127.0.0.1,8080,TCP,59,44,TCP,SYN
127.0.0.1,8080,127.0.0.1,43777,TCP,64,40,TCP,"RST,ACK"
127.0.0.1,8080,127.0.0.1,43777,TCP,64,40,TCP,"RST,ACK"
127.0.0.1,43777,127.0.0.1,139,TCP,40,44,TCP,SYN
127.0.0.1,43777,127.0.0.1,139,TCP,40,44,TCP,SYN
127.0.0.1,139,127.0.0.1,43777,TCP,64,40,TCP,"RST,ACK"
127.0.0.1,139,127.0.0.1,43777,TCP,64,40,TCP,"RST,ACK"
127.0.0.1,43777,127.0.0.1,80,TCP,42,44,HTTP,SYN
127.0.0.1,43777,127.0.0.1,80,TCP,42,44,HTTP,SYN
127.0.0.1,80,127.0.0.1,43777,TCP,64,40,HTTP,"RST,ACK"
127.0.0.1,80,127.0.0.1,43777,TCP,64,40,HTTP,"RST,ACK"
127.0.0.1,43777,127.0.0.1,256,TCP,44,44,TCP,SYN
127.0.0.1,43777,127.0.0.1,256,TCP,44,44,TCP,SYN
127.0.0.1,256,127.0.0.1,43777,TCP,64,40,TCP,"RST,ACK"
127.0.0.1,256,127.0.0.1,43777,TCP,64,40,TCP,"RST,ACK"
127.0.0.1,43777,127.0.0.1,443,TCP,53,44,HTTPS,SYN
127.0.0.1,43777,127.0.0.1,443,TCP,53,44,HTTPS,SYN
127.0.0.1,443,127.0.0.1,43777,TCP,64,40,HTTPS,"RST,ACK"
127.0.0.1,443,127.0.0.1,43777,TCP,64,40,HTTPS,"RST,ACK"
127.0.0.1,43777,127.0.0.1,445,TCP,51,44,TCP,SYN
127.0.0.1,43777,127.0.0.1,445,TCP,51,44,TCP,SYN
127.0.0.1,445,127.0.0.1,43777,TCP,64,40,TCP,"RST,ACK"
127.0.0.1,445,127.0.0.1,43777,TCP,64,40,TCP,"RST,ACK"
127.0.0.1,43777,127.0.0.1,22,TCP,41,44,TCP,SYN
127.0.0.1,43777,127.0.0.1,22,TCP,41,44,TCP,SYN
127.0.0.1,22,127.0.0.1,43777,TCP,64,40,TCP,"RST,ACK"
127.0.0.1,22,127.0.0.1,43777,TCP,64,40,TCP,"RST,ACK"
127.0.0.1,43777,127.0.0.1,25,TCP,37,44,TCP,SYN
127.0.0.1,43777,127.0.0.1,25,TCP,37,44,TCP,SYN
127.0.0.1,25,127.0.0.1,43777,TCP,64,40,TCP,"RST,ACK"
127.0.0.1,25,127.0.0.1,43777,TCP,64,40,TCP,"RST,ACK"
127.0.0.1,43777,127.0.0.1,50003,TCP,51,44,TCP,SYN
127.0.0.1,43777,127.0.0.1,50003,TCP,51,44,TCP,SYN
127.0.0.1,50003,127.0.0.1,43777,TCP,64,40,TCP,"RST,ACK"
127.0.0.1,50003,127.0.0.1,43777,TCP,64,40,TCP,"RST,ACK"
127.0.0.1,43777,127.0.0.1,1059,TCP,52,44,TCP,SYN
127.0.0.1,43777,127.0.0.1,1059,TCP,52,44,TCP,SYN
127.0.0.1,1059,127.0.0.1,43777,TCP,64,40,TCP,"RST,ACK"
127.0.0.1,1059,127.0.0.1,43777,TCP,64,40,TCP,"RST,ACK"
127.0.0.1,43777,127.0.0.1,38292,TCP,57,44,TCP,SYN
127.0.0.1,43777,127.0.0.1,38292,TCP,57,44,TCP,SYN
127.0.0.1,38292,127.0.0.1,43777,TCP,64,40,TCP,"RST,ACK"
127.0.0.1,38292,127.0.0.1,43777,TCP,64,40,TCP,"RST,ACK"
127.0.0.1,43777,127.0.0.1,50389,TCP,48,44,TCP,SYN
127.0.0.1,43777,127.0.0.1,50389,TCP,48,44,TCP,SYN
127.0.0.1,50389,127.0.0.1,43777,TCP,64,40,TCP,"RST,ACK"
127.0.0.1,50389,127.0.0.1,43777,TCP,64,40,TCP,"RST,ACK"
127.0.0.1,43777,127.0.0.1,1186,TCP,51,44,TCP,SYN
127.0.0.1,43777,127.0.0.1,1186,TCP,51,44,TCP,SYN
127.0.0.1,1186,127.0.0.1,43777,TCP,64,40,TCP,"RST,ACK"
127.0.0.1,1186,127.0.0.1,43777,TCP,64,40,TCP,"RST,ACK"
127.0.0.1,43777,127.0.0.1,1112,TCP,57,44,TCP,SYN
127.0.0.1,43777,127.0.0.1,1112,TCP,57,44,TCP,SYN
127.0.0.1,1112,127.0.0.1,43777,TCP,64,40,TCP,"RST,ACK"
127.0.0.1,1112,127.0.0.1,43777,TCP,64,40,TCP,"RST,ACK"
127.0.0.1,43777,127.0.0.1,88,TCP,50,44,TCP,SYN
127.0.0.1,43777,127.0.0.1,88,TCP,50,44,TCP,SYN
127.0.0.1,88,127.0.0.1,43777,TCP,64,40,TCP,"RST,ACK"
127.0.0.1,88,127.0.0.1,43777,TCP,64,40,TCP,"RST,ACK"
127.0.0.1,43777,127.0.0.1,27356,TCP,54,44,TCP,SYN
127.0.0.1,43777,127.0.0.1,27356,TCP,54,44,TCP,SYN
127.0.0.1,27356,127.0.0.1,43777,TCP,64,40,TCP,"RST,ACK"
127.0.0.1,27356,127.0.0.1,43777,TCP,64,40,TCP,"RST,ACK"
127.0.0.1,43777,127.0.0.1,3268,TCP,41,44,TCP,SYN
127.0.0.1,43777,127.0.0.1,3268,TCP,41,44,TCP,SYN
127.0.0.1,3268,127.0.0.1,43777,TCP,64,40,TCP,"RST,ACK"
127.0.0.1,3268,127.0.0.1,43777,TCP,64,40,TCP,"RST,ACK"
127.0.0.1,43777,127.0.0.1,44176,TCP,48,44,TCP,SYN
127.0.0.1,43777,127.0.0.1,44176,TCP,48,44,TCP,SYN
127.0.0.1,44176,127.0.0.1,43777,TCP,64,40,TCP,"RST,ACK"
127.0.0.1,44176,127.0.0.1,43777,TCP,64,40,TCP,"RST,ACK"
127.0.0.1,43777,127.0.0.1,1108,TCP,55,44,TCP,SYN
127.0.0.1,43777,127.0.0.1,1108,TCP,55,44,TCP,SYN
127.0.0.1,1108,127.0.0.1,43777,TCP,64,40,TCP,"RST,ACK"
127.0.0.1,1108,127.0.0.1,43777,TCP,64,40,TCP,"RST,ACK"
127.0.0.1,43777,127.0.0.1,49152,TCP,49,44,TCP,SYN
127.0.0.1,43777,127.0.0.1,49152,TCP,49,44,TCP,SYN
127.0.0.1,49152,127.0.0.1,43777,TCP,64,40,TCP,"RST,ACK"
127.0.0.1,49152,127.0.0.1,43777,TCP,64,40,TCP,"RST,ACK"
127.0.0.1,43777,127.0.0.1,9500,TCP,44,44,TCP,SYN
127.0.0.1,43777,127.0.0.1,9500,TCP,44,44,TCP,SYN
127.0.0.1,9500,127.0.0.1,43777,TCP,64,40,TCP,"RST,ACK"
127.0.0.1,9500,127.0.0.1,43777,TCP,64,40,TCP,"RST,ACK"
127.0.0.1,43777,127.0.0.1,417,TCP,41,44,TCP,SYN
127.0.0.1,43777,127.0.0.1,417,TCP,41,44,TCP,SYN
127.0.0.1,417,127.0.0.1,43777,TCP,64,40,TCP,"RST,ACK"
127.0.0.1,417,127.0.0.1,43777,TCP,64,40,TCP,"RST,ACK"
127.0.0.1,43777,127.0.0.1,41511,TCP,57,44,TCP,SYN
127.0.0.1,43777,127.0.0.1,41511,TCP,57,44,TCP,SYN
127.0.0.1,41511,127.0.0.1,43777,TCP,64,40,TCP,"RST,ACK"
127.0.0.1,41511,127.0.0.1,43777,TCP,64,40,TCP,"RST,ACK"
127.0.0.1,43777,127.0.0.1,8042,TCP,38,44,TCP,SYN
127.0.0.1,43777,127.0.0.1,8042,TCP,38,44,TCP,SYN
127.0.0.1,8042,127.0.0.1,43777,TCP,64,40,TCP,"RST,ACK"
127.0.0.1,8042,127.0.0.1,43777,TCP,64,40,TCP,"RST,ACK"
127.0.0.1,43777,127.0.0.1,5850,TCP,52,44,TCP,SYN
127.0.0.1,43777,127.0.0.1,5850,TCP,52,44,TCP,SYN
127.0.0.1,5850,127.0.0.1,43777,TCP,64,40,TCP,"RST,ACK"
127.0.0.1,5850,127.0.0.1,43777,TCP,64,40,TCP,"RST,ACK"
127.0.0.1,43777,127.0.0.1,8899,TCP,40,44,TCP,SYN
127.0.0.1,43777,127.0.0.1,8899,TCP,40,44,TCP,SYN
127.0.0.1,8899,127.0.0.1,43777,TCP,64,40,TCP,"RST,ACK"
127.0.0.1,8899,127.0.0.1,43777,TCP,64,40,TCP,"RST,ACK"
127.0.0.1,43777,127.0.0.1,254,TCP,49,44,TCP,SYN
127.0.0.1,43777,127.0.0.1,254,TCP,49,44,TCP,SYN
127.0.0.1,254,127.0.0.1,43777,TCP,64,40,TCP,"RST,ACK"
127.0.0.1,254,127.0.0.1,43777,TCP,64,40,TCP,"RST,ACK"
127.0.0.1,43777,127.0.0.1,6881,TCP,40,44,TCP,SYN
127.0.0.1,43777,127.0.0.1,6881,TCP,40,44,TCP,SYN
127.0.0.1,6881,127.0.0.1,43777,TCP,64,40,TCP,"RST,ACK"
127.0.0.1,6881,127.0.0.1,43777,TCP,64,40,TCP,"RST,ACK"
127.0.0.1,43777,127.0.0.1,11111,TCP,47,44,TCP,SYN
127.0.0.1,43777,127.0.0.1,11111,TCP,47,44,TCP,SYN
127.0.0.1,11111,127.0.0.1,43777,TCP,64,40,TCP,"RST,ACK"
127.0.0.1,11111,127.0.0.1,43777,TCP,64,40,TCP,"RST,ACK"
127.0.0.1,43777,127.0.0.1,2111,TCP,42,44,TCP,SYN
127.0.0.1,43777,127.0.0.1,2111,TCP,42,44,TCP,SYN
127.0.0.1,2111,127.0.0.1,43777,TCP,64,40,TCP,"RST,ACK"
127.0.0.1,2111,127.0.0.1,43777,TCP,64,40,TCP,"RST,ACK"
127.0.0.1,43777,127.0.0.1,3880,TCP,57,44,TCP,SYN
127.0.0.1,43777,127.0.0.1,3880,TCP,57,44,TCP,SYN
127.0.0.1,3880,127.0.0.1,43777,TCP,64,40,TCP,"RST,ACK"
127.0.0.1,3880,127.0.0.1,43777,TCP,64,40,TCP,"RST,ACK"
127.0.0.1,43777,127.0.0.1,5678,TCP,41,44,TCP,SYN
127.0.0.1,43777,127.0.0.1,5678,TCP,41,44,TCP,SYN
127.0.0.1,5678,127.0.0.1,43777,TCP,64,40,TCP,"RST,ACK"
127.0.0.1,5678,127.0.0.1,43777,TCP,64,40,TCP,"RST,ACK"
127.0.0.1,43777,127.0.0.1,14000,TCP,45,44,TCP,SYN
127.0.0.1,43777,127.0.0.1,14000,TCP,45,44,TCP,SYN
127.0.0.1,14000,127.0.0.1,43777,TCP,64,40,TCP,"RST,ACK"
127.0.0.1,14000,127.0.0.1,43777,TCP,64,40,TCP,"RST,ACK"
127.0.0.1,43777,127.0.0.1,3300,TCP,43,44,TCP,SYN
127.0.0.1,43777,127.0.0.1,3300,TCP,43,44,TCP,SYN
127.0.0.1,3300,127.0.0.1,43777,TCP,64,40,TCP,"RST,ACK"
127.0.0.1,3300,127.0.0.1,43777,TCP,64,40,TCP,"RST,ACK"
127.0.0.1,43777,127.0.0.1,9502,TCP,55,44,TCP,SYN
127.0.0.1,43777,127.0.0.1,9502,TCP,55,44,TCP,SYN
127.0.0.1,9502,127.0.0.1,43777,TCP,64,40,TCP,"RST,ACK"
127.0.0.1,9502,127.0.0.1,43777,TCP,64,40,TCP,"RST,ACK"
127.0.0.1,43777,127.0.0.1,3703,TCP,48,44,TCP,SYN
127.0.0.1,43777,127.0.0.1,3703,TCP,48,44,TCP,SYN
127.0.0.1,3703,127.0.0.1,43777,TCP,64,40,TCP,"RST,ACK"
127.0.0.1,3703,127.0.0.1,43777,TCP,64,40,TCP,"RST,ACK"
127.0.0.1,43777,127.0.0.1,85,TCP,42,44,TCP,SYN
127.0.0.1,43777,127.0.0.1,85,TCP,42,44,TCP,SYN
127.0.0.1,43777,127.0.0.1,50002,TCP,56,44,TCP,SYN
127.0.0.1,43777,127.0.0.1,50002,TCP,56,44,TCP,SYN
127.0.0.1,50002,127.0.0.1,43777,TCP,64,40,TCP,"RST,ACK"
127.0.0.1,50002,127.0.0.1,43777,TCP,64,40,TCP,"RST,ACK"
127.0.0.1,43777,127.0.0.1,6543,TCP,40,44,TCP,SYN
127.0.0.1,43777,127.0.0.1,6543,TCP,40,44,TCP,SYN
127.0.0.1,6543,127.0.0.1,43777,TCP,64,40,TCP,"RST,ACK"
127.0.0.1,6543,127.0.0.1,43777,TCP,64,40,TCP,"RST,ACK"
127.0.0.1,43777,127.0.0.1,648,TCP,51,44,TCP,SYN
127.0.0.1,43777,127.0.0.1,648,TCP,51,44,TCP,SYN
127.0.0.1,648,127.0.0.1,43777,TCP,64,40,TCP,"RST,ACK"
127.0.0.1,648,127.0.0.1,43777,TCP,64,40,TCP,"RST,ACK"
127.0.0.1,43777,127.0.0.1,10002,TCP,52,44,TCP,SYN
127.0.0.1,43777,127.0.0.1,10002,TCP,52,44,TCP,SYN
127.0.0.1,10002,127.0.0.1,43777,TCP,64,40,TCP,"RST,ACK"
127.0.0.1,10002,127.0.0.1,43777,TCP,64,40,TCP,"RST,ACK"
127.0.0.1,43777,127.0.0.1,13722,TCP,38,44,TCP,SYN
127.0.0.1,43777,127.0.0.1,13722,TCP,38,44,TCP,SYN
127.0.0.1,13722,127.0.0.1,43777,TCP,64,40,TCP,"RST,ACK"
127.0.0.1,13722,127.0.0.1,43777,TCP,64,40,TCP,"RST,ACK"
127.0.0.1,43777,127.0.0.1,49,TCP,53,44,TCP,SYN
127.0.0.1,43777,127.0.0.1,49,TCP,53,44,TCP,SYN
127.0.0.1,49,127.0.0.1,43777,TCP,64,40,TCP,"RST,ACK"
127.0.0.1,49,127.0.0.1,43777,TCP,64,40,TCP,"RST,ACK"
127.0.0.1,43777,127.0.0.1,8002,TCP,37,44,TCP,SYN
127.0.0.1,43777,127.0.0.1,8002,TCP,37,44,TCP,SYN
127.0.0.1,8002,127.0.0.1,43777,TCP,64,40,TCP,"RST,ACK"
127.0.0.1,8002,127.0.0.1,43777,TCP,64,40,TCP,"RST,ACK"
127.0.0.1,43777,127.0.0.1,5810,TCP,59,44,TCP,SYN
127.0.0.1,43777,127.0.0.1,5810,TCP,59,44,TCP,SYN
127.0.0.1,5810,127.0.0.1,43777,TCP,64,40,TCP,"RST,ACK"
127.0.0.1,5810,127.0.0.1,43777,TCP,64,40,TCP,"RST,ACK"
127.0.0.1,43777,127.0.0.1,1079,TCP,55,44,TCP,SYN
127.0.0.1,43777,127.0.0.1,1079,TCP,55,44,TCP,SYN
127.0.0.1,1079,127.0.0.1,43777,TCP,64,40,TCP,"RST,ACK"
127.0.0.1,1079,127.0.0.1,43777,TCP,64,40,TCP,"RST,ACK"
127.0.0.1,43777,127.0.0.1,714,TCP,54,44,TCP,SYN
127.0.0.1,43777,127.0.0.1,714,TCP,54,44,TCP,SYN
127.0.0.1,714,127.0.0.1,43777,TCP,64,40,TCP,"RST,ACK"
127.0.0.1,714,127.0.0.1,43777,TCP,64,40,TCP,"RST,ACK"
127.0.0.1,43777,127.0.0.1,10778,TCP,50,44,TCP,SYN
127.0.0.1,43777,127.0.0.1,10778,TCP,50,44,TCP,SYN
127.0.0.1,10778,127.0.0.1,43777,TCP,64,40,TCP,"RST,ACK"
127.0.0.1,10778,127.0.0.1,43777,TCP,64,40,TCP,"RST,ACK"
127.0.0.1,43777,127.0.0.1,6156,TCP,49,44,TCP,SYN
127.0.0.1,43777,127.0.0.1,6156,TCP,49,44,TCP,SYN
127.0.0.1,6156,127.0.0.1,43777,TCP,64,40,TCP,"RST,ACK"
127.0.0.1,6156,127.0.0.1,43777,TCP,64,40,TCP,"RST,ACK"
127.0.0.1,43777,127.0.0.1,6004,TCP,59,44,TCP,SYN
127.0.0.1,43777,127.0.0.1,6004,TCP,59,44,TCP,SYN
127.0.0.1,6004,127.0.0.1,43777,TCP,64,40,TCP,"RST,ACK"
127.0.0.1,6004,127.0.0.1,43777,TCP,64,40,TCP,"RST,ACK"
127.0.0.1,43777,127.0.0.1,5985,TCP,59,44,TCP,SYN
127.0.0.1,43777,127.0.0.1,3323,TCP,38,44,TCP,SYN
127.0.0.1,43777,127.0.0.1,3323,TCP,38,44,TCP,SYN
127.0.0.1,3323,127.0.0.1,43777,TCP,64,40,TCP,"RST,ACK"
127.0.0.1,3323,127.0.0.1,43777,TCP,64,40,TCP,"RST,ACK"
127.0.0.1,43777,127.0.0.1,3998,TCP,50,44,TCP,SYN
127.0.0.1,43777,127.0.0.1,3998,TCP,50,44,TCP,SYN
127.0.0.1,3998,127.0.0.1,43777,TCP,64,40,TCP,"RST,ACK"
127.0.0.1,3998,127.0.0.1,43777,TCP,64,40,TCP,"RST,ACK"
127.0.0.1,43777,127.0.0.1,1500,TCP,55,44,TCP,SYN
127.0.0.1,43777,127.0.0.1,1500,TCP,55,44,TCP,SYN
127.0.0.1,1500,127.0.0.1,43777,TCP,64,40,TCP,"RST,ACK"
127.0.0.1,1500,127.0.0.1,43777,TCP,64,40,TCP,"RST,ACK"
127.0.0.1,43777,127.0.0.1,1165,TCP,51,44,TCP,SYN
127.0.0.1,43777,127.0.0.1,1165,TCP,51,44,TCP,SYN
127.0.0.1,1165,127.0.0.1,43777,TCP,64,40,TCP,"RST,ACK"
127.0.0.1,1165,127.0.0.1,43777,TCP,64,40,TCP,"RST,ACK"
127.0.0.1,43777,127.0.0.1,555,TCP,59,44,TCP,SYN
127.0.0.1,43777,127.0.0.1,555,TCP,59,44,TCP,SYN
127.0.0.1,555,127.0.0.1,43777,TCP,64,40,TCP,"RST,ACK"
127.0.0.1,555,127.0.0.1,43777,TCP,64,40,TCP,"RST,ACK"
127.0.0.1,43777,127.0.0.1,1272,TCP,51,44,TCP,SYN
127.0.0.1,43777,127.0.0.1,1272,TCP,51,44,TCP,SYN
127.0.0.1,1272,127.0.0.1,43777,TCP,64,40,TCP,"RST,ACK"
127.0.0.1,1272,127.0.0.1,43777,TCP,64,40,TCP,"RST,ACK"
127.0.0.1,43777,127.0.0.1,4445,TCP,54,44,TCP,SYN
127.0.0.1,43777,127.0.0.1,4445,TCP,54,44,TCP,SYN
127.0.0.1,4445,127.0.0.1,43777,TCP,64,40,TCP,"RST,ACK"
127.0.0.1,4445,127.0.0.1,43777,TCP,64,40,TCP,"RST,ACK"
127.0.0.1,43777,127.0.0.1,8701,TCP,58,44,TCP,SYN
127.0.0.1,43777,127.0.0.1,8701,TCP,58,44,TCP,SYN
127.0.0.1,8701,127.0.0.1,43777,TCP,64,40,TCP,"RST,ACK"
127.0.0.1,8701,127.0.0.1,43777,TCP,64,40,TCP,"RST,ACK"
127.0.0.1,43777,127.0.0.1,6059,TCP,45,44,TCP,SYN
127.0.0.1,43777,127.0.0.1,6059,TCP,45,44,TCP,SYN
127.0.0.1,6059,127.0.0.1,43777,TCP,64,40,TCP,"RST,ACK"
127.0.0.1,6059,127.0.0.1,43777,TCP,64,40,TCP,"RST,ACK"
127.0.0.1,43777,127.0.0.1,1093,TCP,50,44,TCP,SYN
127.0.0.1,43777,127.0.0.1,1093,TCP,50,44,TCP,SYN
127.0.0.1,1093,127.0.0.1,43777,TCP,64,40,TCP,"RST,ACK"
127.0.0.1,1093,127.0.0.1,43777,TCP,64,40,TCP,"RST,ACK"
127.0.0.1,43777,127.0.0.1,1187,TCP,42,44,TCP,SYN
127.0.0.1,43777,127.0.0.1,1187,TCP,42,44,TCP,SYN
127.0.0.1,1187,127.0.0.1,43777,TCP,64,40,TCP,"RST,ACK"
127.0.0.1,1187,127.0.0.1,43777,TCP,64,40,TCP,"RST,ACK"
127.0.0.1,43777,127.0.0.1,1105,TCP,48,44,TCP,SYN
127.0.0.1,43777,127.0.0.1,2103,TCP,53,44,TCP,SYN
127.0.0.1,43777,127.0.0.1,2103,TCP,53,44,TCP,SYN
127.0.0.1,2103,127.0.0.1,43777,TCP,64,40,TCP,"RST,ACK"
127.0.0.1,2103,127.0.0.1,43777,TCP,64,40,TCP,"RST,ACK"
127.0.0.1,43777,127.0.0.1,1594,TCP,59,44,TCP,SYN
127.0.0.1,43777,127.0.0.1,1594,TCP,59,44,TCP,SYN
127.0.0.1,1594,127.0.0.1,43777,TCP,64,40,TCP,"RST,ACK"
127.0.0.1,1594,127.0.0.1,43777,TCP,64,40,TCP,"RST,ACK"
127.0.0.1,43777,127.0.0.1,1862,TCP,53,44,TCP,SYN
127.0.0.1,43777,127.0.0.1,1862,TCP,53,44,TCP,SYN
127.0.0.1,1862,127.0.0.1,43777,TCP,64,40,TCP,"RST,ACK"
127.0.0.1,1862,127.0.0.1,43777,TCP,64,40,TCP,"RST,ACK"
127.0.0.1,43777,127.0.0.1,8300,TCP,41,44,TCP,SYN
127.0.0.1,43777,127.0.0.1,8300,TCP,41,44,TCP,SYN
127.0.0.1,8300,127.0.0.1,43777,TCP,64,40,TCP,"RST,ACK"
127.0.0.1,8300,127.0.0.1,43777,TCP,64,40,TCP,"RST,ACK"
127.0.0.1,43777,127.0.0.1,1075,TCP,49,44,TCP,SYN
127.0.0.1,43777,127.0.0.1,1075,TCP,49,44,TCP,SYN
127.0.0.1,1075,127.0.0.1,43777,TCP,64,40,TCP,"RST,ACK"
127.0.0.1,1075,127.0.0.1,43777,TCP,64,40,TCP,"RST,ACK"
127.0.0.1,43777,127.0.0.1,2160,TCP,48,44,TCP,SYN
127.0.0.1,43777,127.0.0.1,2160,TCP,48,44,TCP,SYN
127.0.0.1,2160,127.0.0.1,43777,TCP,64,40,TCP,"RST,ACK"
127.0.0.1,2160,127.0.0.1,43777,TCP,64,40,TCP,"RST,ACK"
127.0.0.1,43777,127.0.0.1,2251,TCP,39,44,TCP,SYN
127.0.0.1,43777,127.0.0.1,2251,TCP,39,44,TCP,SYN
127.0.0.1,2251,127.0.0.1,43777,TCP,64,40,TCP,"RST,ACK"
127.0.0.1,2251,127.0.0.1,43777,TCP,64,40,TCP,"RST,ACK"
127.0.0.1,43777,127.0.0.1,55600,TCP,49,44,TCP,SYN
127.0.0.1,43777,127.0.0.1,55600,TCP,49,44,TCP,SYN
127.0.0.1,55600,127.0.0.1,43777,TCP,64,40,TCP,"RST,ACK"
127.0.0.1,55600,127.0.0.1,43777,TCP,64,40,TCP,"RST,ACK"
127.0.0.1,43777,127.0.0.1,726,TCP,49,44,TCP,SYN
127.0.0.1,43777,127.0.0.1,726,TCP,49,44,TCP,SYN
127.0.0.1,726,127.0.0.1,43777,TCP,64,40,TCP,"RST,ACK"
127.0.0.1,726,127.0.0.1,43777,TCP,64,40,TCP,"RST,ACK"
127.0.0.1,43777,127.0.0.1,50006,TCP,38,44,TCP,SYN
127.0.0.1,43777,127.0.0.1,50006,TCP,38,44,TCP,SYN
127.0.0.1,50006,127.0.0.1,43777,TCP,64,40,TCP,"RST,ACK"
127.0.0.1,50006,127.0.0.1,43777,TCP,64,40,TCP,"RST,ACK"
127.0.0.1,43777,127.0.0.1,8800,TCP,39,44,TCP,SYN
127.0.0.1,43777,127.0.0.1,8800,TCP,39,44,TCP,SYN
127.0.0.1,43777,127.0.0.1,9968,TCP,44,44,TCP,SYN
127.0.0.1,9968,127.0.0.1,43777,TCP,64,40,TCP,"RST,ACK"
127.0.0.1,9290,127.0.0.1,43777,TCP,64,40,TCP,"RST,ACK"
127.0.0.1,43777,127.0.0.1,5989,TCP,37,44,TCP,SYN
127.0.0.1,43777,127.0.0.1,32780,TCP,37,44,TCP,SYN
127.0.0.1,43777,127.0.0.1,7937,TCP,42,44,TCP,SYN
127.0.0.1,43777,127.0.0.1,49163,TCP,44,44,TCP,SYN
127.0.0.1,43777,127.0.0.1,52869,TCP,42,44,TCP,SYN
127.0.0.1,43777,127.0.0.1,10000,TCP,59,44,TCP,SYN
127.0.0.1,43777,127.0.0.1,1301,TCP,45,44,TCP,SYN
127.0.0.1,19,127.0.0.1,43777,TCP,64,40,TCP,"RST,ACK"
127.0.0.1,43777,127.0.0.1,106,TCP,43,44,TCP,SYN
127.0.0.1,10025,127.0.0.1,43777,TCP,64,40,TCP,"RST,ACK"
127.0.0.1,43777,127.0.0.1,1026,TCP,52,44,TCP,SYN
127.0.0.1,43777,127.0.0.1,2701,TCP,53,44,TCP,SYN
127.0.0.1,43777,127.0.0.1,8081,TCP,47,44,TCP,SYN
127.0.0.1,43777,127.0.0.1,1088,TCP,40,44,TCP,SYN
127.0.0.1,43777,127.0.0.1,563,TCP,58,44,TCP,SYN
127.0.0.1,563,127.0.0.1,43777,TCP,64,40,TCP,"RST,ACK"
127.0.0.1,2005,127.0.0.1,43777,TCP,64,40,TCP,"RST,ACK"
127.0.0.1,43777,127.0.0.1,801,TCP,55,44,TCP,SYN
127.0.0.1,43777,127.0.0.1,32773,TCP,49,44,TCP,SYN
127.0.0.1,43777,127.0.0.1,5544,TCP,46,44,TCP,SYN
127.0.0.1,43777,127.0.0.1,16012,TCP,38,44,TCP,SYN
127.0.0.1,43777,127.0.0.1,49400,TCP,47,44,TCP,SYN
127.0.0.1,49400,127.0.0.1,43777,TCP,64,40,TCP,"RST,ACK"
127.0.0.1,43777,127.0.0.1,70,TCP,42,44,TCP,SYN
127.0.0.1,43777,127.0.0.1,1054,TCP,41,44,TCP,SYN
127.0.0.1,43777,127.0.0.1,49160,TCP,51,44,TCP,SYN
127.0.0.1,43777,127.0.0.1,15742,TCP,43,44,TCP,SYN
127.0.0.1,15742,127.0.0.1,43777,TCP,64,40,TCP,"RST,ACK"
127.0.0.1,43777,127.0.0.1,722,TCP,42,44,TCP,SYN
127.0.0.1,43777,127.0.0.1,1666,TCP,45,44,TCP,SYN
127.0.0.1,1666,127.0.0.1,43777,TCP,64,40,TCP,"RST,ACK"
127.0.0.1,43777,127.0.0.1,497,TCP,57,44,TCP,SYN
127.0.0.1,43777,127.0.0.1,497,TCP,57,44,TCP,SYN
127.0.0.1,497,127.0.0.1,43777,TCP,64,40,TCP,"RST,ACK"
127.0.0.1,497,127.0.0.1,43777,TCP,64,40,TCP,"RST,ACK"
127.0.0.1,43777,127.0.0.1,20828,TCP,45,44,TCP,SYN
127.0.0.1,43777,127.0.0.1,20828,TCP,45,44,TCP,SYN
127.0.0.1,20828,127.0.0.1,43777,TCP,64,40,TCP,"RST,ACK"
127.0.0.1,20828,127.0.0.1,43777,TCP,64,40,TCP,"RST,ACK"
127.0.0.1,43777,127.0.0.1,1875,TCP,51,44,TCP,SYN
127.0.0.1,43777,127.0.0.1,1875,TCP,51,44,TCP,SYN
127.0.0.1,1875,127.0.0.1,43777,TCP,64,40,TCP,"RST,ACK"
127.0.0.1,1875,127.0.0.1,43777,TCP,64,40,TCP,"RST,ACK"
127.0.0.1,43777,127.0.0.1,1027,TCP,48,44,TCP,SYN
127.0.0.1,43777,127.0.0.1,1027,TCP,48,44,TCP,SYN
127.0.0.1,1027,127.0.0.1,43777,TCP,64,40,TCP,"RST,ACK"
127.0.0.1,1027,127.0.0.1,43777,TCP,64,40,TCP,"RST,ACK"
127.0.0.1,43777,127.0.0.1,125,TCP,45,44,TCP,SYN
127.0.0.1,43777,127.0.0.1,125,TCP,45,44,TCP,SYN
127.0.0.1,125,127.0.0.1,43777,TCP,64,40,TCP,"RST,ACK"
127.0.0.1,125,127.0.0.1,43777,TCP,64,40,TCP,"RST,ACK"
127.0.0.1,43777,127.0.0.1,3030,TCP,58,44,TCP,SYN
127.0.0.1,43777,127.0.0.1,3030,TCP,58,44,TCP,SYN
127.0.0.1,3030,127.0.0.1,43777,TCP,64,40,TCP,"RST,ACK"
127.0.0.1,3030,127.0.0.1,43777,TCP,64,40,TCP,"RST,ACK"
127.0.0.1,43777,127.0.0.1,12265,TCP,58,44,TCP,SYN
127.0.0.1,43777,127.0.0.1,12265,TCP,58,44,TCP,SYN
127.0.0.1,12265,127.0.0.1,43777,TCP,64,40,TCP,"RST,ACK"
127.0.0.1,12265,127.0.0.1,43777,TCP,64,40,TCP,"RST,ACK"
127.0.0.1,43777,127.0.0.1,6,TCP,47,44,TCP,SYN
127.0.0.1,43777,127.0.0.1,6,TCP,47,44,TCP,SYN
127.0.0.1,6,127.0.0.1,43777,TCP,64,40,TCP,"RST,ACK"
127.0.0.1,6,127.0.0.1,43777,TCP,64,40,TCP,"RST,ACK"
127.0.0.1,43777,127.0.0.1,5002,TCP,51,44,TCP,SYN
127.0.0.1,43777,127.0.0.1,5002,TCP,51,44,TCP,SYN
127.0.0.1,5002,127.0.0.1,43777,TCP,64,40,TCP,"RST,ACK"
127.0.0.1,5002,127.0.0.1,43777,TCP,64,40,TCP,"RST,ACK"
127.0.0.1,43777,127.0.0.1,49154,TCP,42,44,TCP,SYN
127.0.0.1,43777,127.0.0.1,49154,TCP,42,44,TCP,SYN
127.0.0.1,49154,127.0.0.1,43777,TCP,64,40,TCP,"RST,ACK"
127.0.0.1,49154,127.0.0.1,43777,TCP,64,40,TCP,"RST,ACK"
127.0.0.1,43777,127.0.0.1,1082,TCP,49,44,TCP,SYN
127.0.0.1,43777,127.0.0.1,1082,TCP,49,44,TCP,SYN
127.0.0.1,1082,127.0.0.1,43777,TCP,64,40,TCP,"RST,ACK"
127.0.0.1,1082,127.0.0.1,43777,TCP,64,40,TCP,"RST,ACK"
127.0.0.1,43777,127.0.0.1,9594,TCP,43,44,TCP,SYN
127.0.0.1,43777,127.0.0.1,9594,TCP,43,44,TCP,SYN
127.0.0.1,43777,127.0.0.1,14442,TCP,49,44,TCP,SYN
127.0.0.1,43777,127.0.0.1,9002,TCP,38,44,TCP,SYN
127.0.0.1,43777,127.0.0.1,1259,TCP,40,44,TCP,SYN
127.0.0.1,54328,127.0.0.1,43777,TCP,64,40,TCP,"RST,ACK"
127.0.0.1,43777,127.0.0.1,49158,TCP,57,44,TCP,SYN
127.0.0.1,43777,127.0.0.1,5988,TCP,56,44,TCP,SYN
127.0.0.1,43777,127.0.0.1,2200,TCP,51,44,TCP,SYN
127.0.0.1,3690,127.0.0.1,43777,TCP,64,40,TCP,"RST,ACK"
127.0.0.1,7200,127.0.0.1,43777,TCP,64,40,TCP,"RST,ACK"
127.0.0.1,43777,127.0.0.1,7921,TCP,44,44,TCP,SYN
127.0.0.1,43777,127.0.0.1,9001,TCP,43,44,TCP,SYN
127.0.0.1,43777,127.0.0.1,2557,TCP,56,44,TCP,SYN
127.0.0.1,43777,127.0.0.1,3878,TCP,42,44,TCP,SYN
127.0.0.1,1455,127.0.0.1,43777,TCP,64,40,TCP,"RST,ACK"
127.0.0.1,43777,127.0.0.1,9943,TCP,44,44,TCP,SYN
127.0.0.1,2106,127.0.0.1,43777,TCP,64,40,TCP,"RST,ACK"
127.0.0.1,43777,127.0.0.1,4662,TCP,44,44,TCP,SYN
127.0.0.1,43777,127.0.0.1,8001,TCP,39,44,TCP,SYN
127.0.0.1,1145,127.0.0.1,43777,TCP,64,40,TCP,"RST,ACK"
127.0.0.1,43777,127.0.0.1,4000,TCP,40,44,TCP,SYN
127.0.0.1,43777,127.0.0.1,3390,TCP,56,44,TCP,SYN
127.0.0.1,43777,127.0.0.1,13,TCP,55,44,TCP,SYN
127.0.0.1,43777,127.0.0.1,1042,TCP,41,44,TCP,SYN
127.0.0.1,1042,127.0.0.1,43777,TCP,64,40,TCP,"RST,ACK"
127.0.0.1,43777,127.0.0.1,1434,TCP,58,44,TCP,SYN
127.0.0.1,43777,127.0.0.1,90,TCP,45,44,TCP,SYN
127.0.0.1,43777,127.0.0.1,146,TCP,50,44,TCP,SYN
127.0.0.1,43777,127.0.0.1,146,TCP,50,44,TCP,SYN
127.0.0.1,43777,127.0.0.1,3546,TCP,53,44,TCP,SYN
127.0.0.1,3546,127.0.0.1,43777,TCP,64,40,TCP,"RST,ACK"
127.0.0.1,43777,127.0.0.1,1700,TCP,58,44,TCP,SYN
127.0.0.1,43777,127.0.0.1,51103,TCP,50,44,TCP,SYN
127.0.0.1,43777,127.0.0.1,51103,TCP,50,44,TCP,SYN
127.0.0.1,51103,127.0.0.1,43777,TCP,64,40,TCP,"RST,ACK"
127.0.0.1,51103,127.0.0.1,43777,TCP,64,40,TCP,"RST,ACK"
127.0.0.1,43777,127.0.0.1,3476,TCP,48,44,TCP,SYN
127.0.0.1,43777,127.0.0.1,3476,TCP,48,44,TCP,SYN
127.0.0.1,3476,127.0.0.1,43777,TCP,64,40,TCP,"RST,ACK"
127.0.0.1,3476,127.0.0.1,43777,TCP,64,40,TCP,"RST,ACK"
127.0.0.1,43777,127.0.0.1,55555,TCP,38,44,TCP,SYN
127.0.0.1,43777,127.0.0.1,55555,TCP,38,44,TCP,SYN
127.0.0.1,55555,127.0.0.1,43777,TCP,64,40,TCP,"RST,ACK"
127.0.0.1,55555,127.0.0.1,43777,TCP,64,40,TCP,"RST,ACK"
127.0.0.1,43777,127.0.0.1,6005,TCP,46,44,TCP,SYN
127.0.0.1,43777,127.0.0.1,6005,TCP,46,44,TCP,SYN
127.0.0.1,6005,127.0.0.1,43777,TCP,64,40,TCP,"RST,ACK"
127.0.0.1,6005,127.0.0.1,43777,TCP,64,40,TCP,"RST,ACK"
127.0.0.1,43777,127.0.0.1,12345,TCP,38,44,TCP,SYN
127.0.0.1,43777,127.0.0.1,12345,TCP,38,44,TCP,SYN
127.0.0.1,12345,127.0.0.1,43777,TCP,64,40,TCP,"RST,ACK"
127.0.0.1,12345,127.0.0.1,43777,TCP,64,40,TCP,"RST,ACK"
127.0.0.1,43777,127.0.0.1,9503,TCP,59,44,TCP,SYN
127.0.0.1,43777,127.0.0.1,9503,TCP,59,44,TCP,SYN
127.0.0.1,9503,127.0.0.1,43777,TCP,64,40,TCP,"RST,ACK"
127.0.0.1,9503,127.0.0.1,43777,TCP,64,40,TCP,"RST,ACK"
127.0.0.1,43777,127.0.0.1,9099,TCP,42,44,TCP,SYN
127.0.0.1,43777,127.0.0.1,9099,TCP,42,44,TCP,SYN
127.0.0.1,9099,127.0.0.1,43777,TCP,64,40,TCP,"RST,ACK"
127.0.0.1,9099,127.0.0.1,43777,TCP,64,40,TCP,"RST,ACK"
127.0.0.1,43777,127.0.0.1,2602,TCP,55,44,TCP,SYN
127.0.0.1,43777,127.0.0.1,2602,TCP,55,44,TCP,SYN
127.0.0.1,2602,127.0.0.1,43777,TCP,64,40,TCP,"RST,ACK"
127.0.0.1,2602,127.0.0.1,43777,TCP,64,40,TCP,"RST,ACK"
127.0.0.1,43777,127.0.0.1,8009,TCP,57,44,TCP,SYN
127.0.0.1,43777,127.0.0.1,8009,TCP,57,44,TCP,SYN
127.0.0.1,8009,127.0.0.1,43777,TCP,64,40,TCP,"RST,ACK"
127.0.0.1,8009,127.0.0.1,43777,TCP,64,40,TCP,"RST,ACK"
127.0.0.1,43777,127.0.0.1,9101,TCP,40,44,TCP,SYN
127.0.0.1,43777,127.0.0.1,9101,TCP,40,44,TCP,SYN
127.0.0.1,9101,127.0.0.1,43777,TCP,64,40,TCP,"RST,ACK"
127.0.0.1,9101,127.0.0.1,43777,TCP,64,40,TCP,"RST,ACK"
127.0.0.1,43777,127.0.0.1,900,TCP,52,44,TCP,SYN
127.0.0.1,43777,127.0.0.1,900,TCP,52,44,TCP,SYN
127.0.0.1,900,127.0.0.1,43777,TCP,64,40,TCP,"RST,ACK"
127.0.0.1,900,127.0.0.1,43777,TCP,64,40,TCP,"RST,ACK"
127.0.0.1,43777,127.0.0.1,52848,TCP,59,44,TCP,SYN
127.0.0.1,43777,127.0.0.1,52848,TCP,59,44,TCP,SYN
127.0.0.1,52848,127.0.0.1,43777,TCP,64,40,TCP,"RST,ACK"
127.0.0.1,52848,127.0.0.1,43777,TCP,64,40,TCP,"RST,ACK"
127.0.0.1,43777,127.0.0.1,6101,TCP,40,44,TCP,SYN
127.0.0.1,43777,127.0.0.1,6101,TCP,40,44,TCP,SYN
127.0.0.1,6101,127.0.0.1,43777,TCP,64,40,TCP,"RST,ACK"
127.0.0.1,6101,127.0.0.1,43777,TCP,64,40,TCP,"RST,ACK"
127.0.0.1,43777,127.0.0.1,13783,TCP,46,44,TCP,SYN
127.0.0.1,43777,127.0.0.1,13783,TCP,46,44,TCP,SYN
127.0.0.1,13783,127.0.0.1,43777,TCP,64,40,TCP,"RST,ACK"
127.0.0.1,13783,127.0.0.1,43777,TCP,64,40,TCP,"RST,ACK"
127.0.0.1,43777,127.0.0.1,57797,TCP,44,44,TCP,SYN
127.0.0.1,43777,127.0.0.1,57797,TCP,44,44,TCP,SYN
127.0.0.1,57797,127.0.0.1,43777,TCP,64,40,TCP,"RST,ACK"
127.0.0.1,57797,127.0.0.1,43777,TCP,64,40,TCP,"RST,ACK"
127.0.0.1,43777,127.0.0.1,16016,TCP,40,44,TCP,SYN
127.0.0.1,43777,127.0.0.1,16016,TCP,40,44,TCP,SYN
127.0.0.1,16016,127.0.0.1,43777,TCP,64,40,TCP,"RST,ACK"
127.0.0.1,16016,127.0.0.1,43777,TCP,64,40,TCP,"RST,ACK"
127.0.0.1,43777,127.0.0.1,8007,TCP,48,44,TCP,SYN
127.0.0.1,43777,127.0.0.1,8007,TCP,48,44,TCP,SYN
127.0.0.1,8007,127.0.0.1,43777,TCP,64,40,TCP,"RST,ACK"
127.0.0.1,8007,127.0.0.1,43777,TCP,64,40,TCP,"RST,ACK"
127.0.0.1,43777,127.0.0.1,5904,TCP,42,44,TCP,SYN
127.0.0.1,43777,127.0.0.1,5904,TCP,42,44,TCP,SYN
127.0.0.1,5904,127.0.0.1,43777,TCP,64,40,TCP,"RST,ACK"
127.0.0.1,5904,127.0.0.1,43777,TCP,64,40,TCP,"RST,ACK"
127.0.0.1,43777,127.0.0.1,30951,TCP,53,44,TCP,SYN
127.0.0.1,43777,127.0.0.1,30951,TCP,53,44,TCP,SYN
127.0.0.1,30951,127.0.0.1,43777,TCP,64,40,TCP,"RST,ACK"
127.0.0.1,30951,127.0.0.1,43777,TCP,64,40,TCP,"RST,ACK"
127.0.0.1,43777,127.0.0.1,544,TCP,40,44,TCP,SYN
127.0.0.1,43777,127.0.0.1,544,TCP,40,44,TCP,SYN
127.0.0.1,544,127.0.0.1,43777,TCP,64,40,TCP,"RST,ACK"
127.0.0.1,544,127.0.0.1,43777,TCP,64,40,TCP,"RST,ACK"
127.0.0.1,43777,127.0.0.1,1503,TCP,42,44,TCP,SYN
127.0.0.1,43777,127.0.0.1,1503,TCP,42,44,TCP,SYN
127.0.0.1,1503,127.0.0.1,43777,TCP,64,40,TCP,"RST,ACK"
127.0.0.1,1503,127.0.0.1,43777,TCP,64,40,TCP,"RST,ACK"
127.0.0.1,43777,127.0.0.1,27355,TCP,58,44,TCP,SYN
127.0.0.1,43777,127.0.0.1,27355,TCP,58,44,TCP,SYN
127.0.0.1,27355,127.0.0.1,43777,TCP,64,40,TCP,"RST,ACK"
127.0.0.1,27355,127.0.0.1,43777,TCP,64,40,TCP,"RST,ACK"
127.0.0.1,43777,127.0.0.1,44501,TCP,46,44,TCP,SYN
127.0.0.1,43777,127.0.0.1,44501,TCP,46,44,TCP,SYN
127.0.0.1,44501,127.0.0.1,43777,TCP,64,40,TCP,"RST,ACK"
127.0.0.1,44501,127.0.0.1,43777,TCP,64,40,TCP,"RST,ACK"
127.0.0.1,43777,127.0.0.1,683,TCP,48,44,TCP,SYN
127.0.0.1,43777,127.0.0.1,683,TCP,48,44,TCP,SYN
127.0.0.1,683,127.0.0.1,43777,TCP,64,40,TCP,"RST,ACK"
127.0.0.1,683,127.0.0.1,43777,TCP,64,40,TCP,"RST,ACK"
127.0.0.1,43777,127.0.0.1,1217,TCP,55,44,TCP,SYN
127.0.0.1,43777,127.0.0.1,1217,TCP,55,44,TCP,SYN
127.0.0.1,1217,127.0.0.1,43777,TCP,64,40,TCP,"RST,ACK"
127.0.0.1,1217,127.0.0.1,43777,TCP,64,40,TCP,"RST,ACK"
127.0.0.1,43777,127.0.0.1,3580,TCP,43,44,TCP,SYN
127.0.0.1,43777,127.0.0.1,3580,TCP,43,44,TCP,SYN
127.0.0.1,3580,127.0.0.1,43777,TCP,64,40,TCP,"RST,ACK"
127.0.0.1,3580,127.0.0.1,43777,TCP,64,40,TCP,"RST,ACK"
127.0.0.1,43777,127.0.0.1,700,TCP,37,44,TCP,SYN
127.0.0.1,43777,127.0.0.1,700,TCP,37,44,TCP,SYN
127.0.0.1,700,127.0.0.1,43777,TCP,64,40,TCP,"RST,ACK"
127.0.0.1,700,127.0.0.1,43777,TCP,64,40,TCP,"RST,ACK"
127.0.0.1,43777,127.0.0.1,4129,TCP,45,44,TCP,SYN
127.0.0.1,43777,127.0.0.1,4129,TCP,45,44,TCP,SYN
127.0.0.1,4129,127.0.0.1,43777,TCP,64,40,TCP,"RST,ACK"
127.0.0.1,43777,127.0.0.1,1169,TCP,55,44,TCP,SYN
127.0.0.1,1169,127.0.0.1,43777,TCP,64,40,TCP,"RST,ACK"
127.0.0.1,6692,127.0.0.1,43777,TCP,64,40,TCP,"RST,ACK"
127.0.0.1,2065,127.0.0.1,43777,TCP,64,40,TCP,"RST,ACK"
127.0.0.1,43777,127.0.0.1,593,TCP,39,44,TCP,SYN
127.0.0.1,43777,127.0.0.1,901,TCP,43,44,TCP,SYN
127.0.0.1,43777,127.0.0.1,2105,TCP,41,44,TCP,SYN
127.0.0.1,2105,127.0.0.1,43777,TCP,64,40,TCP,"RST,ACK"
127.0.0.1,144,127.0.0.1,43777,TCP,64,40,TCP,"RST,ACK"
127.0.0.1,2492,127.0.0.1,43777,TCP,64,40,TCP,"RST,ACK"
127.0.0.1,43777,127.0.0.1,6510,TCP,41,44,TCP,SYN
127.0.0.1,43777,127.0.0.1,79,TCP,49,44,TCP,SYN
127.0.0.1,43777,127.0.0.1,8084,TCP,48,44,TCP,SYN
127.0.0.1,43777,127.0.0.1,2382,TCP,51,44,TCP,SYN
127.0.0.1,43777,127.0.0.1,787,TCP,44,44,TCP,SYN
127.0.0.1,787,127.0.0.1,43777,TCP,64,40,TCP,"RST,ACK"
127.0.0.1,43777,127.0.0.1,3372,TCP,52,44,TCP,SYN
127.0.0.1,43777,127.0.0.1,4006,TCP,45,44,TCP,SYN
127.0.0.1,43777,127.0.0.1,19283,TCP,41,44,TCP,SYN
127.0.0.1,19283,127.0.0.1,43777,TCP,64,40,TCP,"RST,ACK"
127.0.0.1,5910,127.0.0.1,43777,TCP,64,40,TCP,"RST,ACK"
127.0.0.1,43777,127.0.0.1,280,TCP,56,44,TCP,SYN
127.0.0.1,43777,127.0.0.1,10024,TCP,56,44,TCP,SYN
127.0.0.1,43777,127.0.0.1,1717,TCP,44,44,TCP,SYN
127.0.0.1,1717,127.0.0.1,43777,TCP,64,40,TCP,"RST,ACK"
127.0.0.1,9898,127.0.0.1,43777,TCP,64,40,TCP,"RST,ACK"
127.0.0.1,43777,127.0.0.1,89,TCP,52,44,TCP,SYN
127.0.0.1,43777,127.0.0.1,541,TCP,49,44,TCP,SYN
127.0.0.1,43777,127.0.0.1,541,TCP,49,44,TCP,SYN
127.0.0.1,541,127.0.0.1,43777,TCP,64,40,TCP,"RST,ACK"
127.0.0.1,541,127.0.0.1,43777,TCP,64,40,TCP,"RST,ACK"
127.0.0.1,43777,127.0.0.1,3826,TCP,44,44,TCP,SYN
127.0.0.1,43777,127.0.0.1,3826,TCP,44,44,TCP,SYN
127.0.0.1,3826,127.0.0.1,43777,TCP,64,40,TCP,"RST,ACK"
127.0.0.1,3826,127.0.0.1,43777,TCP,64,40,TCP,"RST,ACK"
127.0.0.1,43777,127.0.0.1,83,TCP,57,44,TCP,SYN
127.0.0.1,43777,127.0.0.1,83,TCP,57,44,TCP,SYN
127.0.0.1,83,127.0.0.1,43777,TCP,64,40,TCP,"RST,ACK"
127.0.0.1,83,127.0.0.1,43777,TCP,64,40,TCP,"RST,ACK"
127.0.0.1,43777,127.0.0.1,1063,TCP,59,44,TCP,SYN
127.0.0.1,43777,127.0.0.1,1063,TCP,59,44,TCP,SYN
127.0.0.1,1063,127.0.0.1,43777,TCP,64,40,TCP,"RST,ACK"
127.0.0.1,1063,127.0.0.1,43777,TCP,64,40,TCP,"RST,ACK"
127.0.0.1,43777,127.0.0.1,7778,TCP,42,44,TCP,SYN
127.0.0.1,43777,127.0.0.1,7778,TCP,42,44,TCP,SYN
127.0.0.1,7778,127.0.0.1,43777,TCP,64,40,TCP,"RST,ACK"
127.0.0.1,43777,127.0.0.1,2196,TCP,53,44,TCP,SYN
127.0.0.1,43777,127.0.0.1,990,TCP,37,44,TCP,SYN
127.0.0.1,43777,127.0.0.1,3918,TCP,50,44,TCP,SYN
127.0.0.1,43777,127.0.0.1,2288,TCP,39,44,TCP,SYN
127.0.0.1,43777,127.0.0.1,9878,TCP,39,44,TCP,SYN
127.0.0.1,3006,127.0.0.1,43777,TCP,64,40,TCP,"RST,ACK"
127.0.0.1,43777,127.0.0.1,1111,TCP,45,44,TCP,SYN
127.0.0.1,15002,127.0.0.1,43777,TCP,64,40,TCP,"RST,ACK"
127.0.0.1,43777,127.0.0.1,6699,TCP,50,44,TCP,SYN
127.0.0.1,43777,127.0.0.1,211,TCP,39,44,TCP,SYN
127.0.0.1,43777,127.0.0.1,3301,TCP,57,44,TCP,SYN
127.0.0.1,43777,127.0.0.1,1110,TCP,48,44,TCP,SYN
127.0.0.1,43777,127.0.0.1,1071,TCP,42,44,TCP,SYN
127.0.0.1,43777,127.0.0.1,5221,TCP,55,44,TCP,SYN
127.0.0.1,43777,127.0.0.1,163,TCP,54,44,TCP,SYN
127.0.0.1,65129,127.0.0.1,43777,TCP,64,40,TCP,"RST,ACK"
127.0.0.1,43777,127.0.0.1,5000,TCP,41,44,TCP,SYN
127.0.0.1,43777,127.0.0.1,1053,TCP,54,44,TCP,SYN
127.0.0.1,43777,127.0.0.1,1201,TCP,42,44,TCP,SYN
127.0.0.1,1309,127.0.0.1,43777,TCP,64,40,TCP,"RST,ACK"
127.0.0.1,43777,127.0.0.1,7025,TCP,54,44,TCP,SYN
127.0.0.1,43777,127.0.0.1,31038,TCP,47,44,TCP,SYN
127.0.0.1,43777,127.0.0.1,7100,TCP,56,44,TCP,SYN
127.0.0.1,43777,127.0.0.1,3659,TCP,42,44,TCP,SYN
127.0.0.1,1443,127.0.0.1,43777,TCP,64,40,TCP,"RST,ACK"
127.0.0.1,43777,127.0.0.1,11967,TCP,52,44,TCP,SYN
127.0.0.1,43777,127.0.0.1,2710,TCP,43,44,TCP,SYN
127.0.0.1,43777,127.0.0.1,3371,TCP,43,44,TCP,SYN
127.0.0.1,7106,127.0.0.1,43777,TCP,64,40,TCP,"RST,ACK"
127.0.0.1,43777,127.0.0.1,903,TCP,49,44,TCP,SYN
127.0.0.1,43777,127.0.0.1,903,TCP,49,44,TCP,SYN
127.0.0.1,903,127.0.0.1,43777,TCP,64,40,TCP,"RST,ACK"
127.0.0.1,903,127.0.0.1,43777,TCP,64,40,TCP,"RST,ACK"
127.0.0.1,43777,127.0.0.1,6669,TCP,37,44,TCP,SYN
127.0.0.1,43777,127.0.0.1,6669,TCP,37,44,TCP,SYN
127.0.0.1,6669,127.0.0.1,43777,TCP,64,40,TCP,"RST,ACK"
127.0.0.1,6669,127.0.0.1,43777,TCP,64,40,TCP,"RST,ACK"
127.0.0.1,43777,127.0.0.1,6565,TCP,47,44,TCP,SYN
127.0.0.1,43777,127.0.0.1,6565,TCP,47,44,TCP,SYN
127.0.0.1,6565,127.0.0.1,43777,TCP,64,40,TCP,"RST,ACK"
127.0.0.1,6565,127.0.0.1,43777,TCP,64,40,TCP,"RST,ACK"
127.0.0.1,43777,127.0.0.1,9917,TCP,51,44,TCP,SYN
127.0.0.1,43777,127.0.0.1,9917,TCP,51,44,TCP,SYN
127.0.0.1,9917,127.0.0.1,43777,TCP,64,40,TCP,"RST,ACK"
127.0.0.1,9917,127.0.0.1,43777,TCP,64,40,TCP,"RST,ACK"
127.0.0.1,43777,127.0.0.1,1030,TCP,40,44,TCP,SYN
127.0.0.1,43777,127.0.0.1,1030,TCP,40,44,TCP,SYN
127.0.0.1,1030,127.0.0.1,43777,TCP,64,40,TCP,"RST,ACK"
127.0.0.1,1030,127.0.0.1,43777,TCP,64,40,TCP,"RST,ACK"
127.0.0.1,43777,127.0.0.1,5050,TCP,43,44,TCP,SYN
127.0.0.1,43777,127.0.0.1,5050,TCP,43,44,TCP,SYN
127.0.0.1,5050,127.0.0.1,43777,TCP,64,40,TCP,"RST,ACK"
127.0.0.1,43777,127.0.0.1,44442,TCP,40,44,TCP,SYN
127.0.0.1,43777,127.0.0.1,2811,TCP,47,44,TCP,SYN
127.0.0.1,43777,127.0.0.1,7001,TCP,48,44,TCP,SYN
127.0.0.1,43777,127.0.0.1,4224,TCP,44,44,TCP,SYN
127.0.0.1,43777,127.0.0.1,8090,TCP,38,44,TCP,SYN
127.0.0.1,43777,127.0.0.1,1805,TCP,55,44,TCP,SYN
127.0.0.1,911,127.0.0.1,43777,TCP,64,40,TCP,"RST,ACK"
127.0.0.1,43777,127.0.0.1,27715,TCP,38,44,TCP,SYN
127.0.0.1,43777,127.0.0.1,9100,TCP,56,44,TCP,SYN
127.0.0.1,43777,127.0.0.1,60443,TCP,58,44,TCP,SYN
127.0.0.1,43777,127.0.0.1,646,TCP,38,44,TCP,SYN
127.0.0.1,43777,127.0.0.1,2144,TCP,53,44,TCP,SYN
127.0.0.1,5902,127.0.0.1,43777,TCP,64,40,TCP,"RST,ACK"
127.0.0.1,43777,127.0.0.1,19350,TCP,40,44,TCP,SYN
127.0.0.1,3005,127.0.0.1,43777,TCP,64,40,TCP,"RST,ACK"
127.0.0.1,43777,127.0.0.1,4001,TCP,45,44,TCP,SYN
192.168.163.1,138,192.168.163.255,138,UDP,128,229,UDP,
